,1,2,3,4,5,6,7,8,9,10
dap,0.012395254,0,0,0,0,0,0,0,0,0
map,0.012395254,0,0,0,0,0,0,0,0,0
一銨,0.012395254,0,0,0,0,0,0,0,0,0
並,0.000567176,0.000830618,0,0.000645448,0.000788943,0.001509965,0.000638668,0.000962045,0.001098818,0.000417591
並於,0.004932568,0,0.002167095,0,0,0,0,0.004183317,0,0.003631671
之,0.005104581,0.001661236,0.003737781,0.000322724,0,0.003523251,0.002554674,0.002886135,0.001831363,0.001670364
之外,0.012395254,0,0,0,0,0,0,0,0,0
二銨,0.012395254,0,0,0,0,0,0,0,0,0
五氧化二磷,0.012395254,0,0,0,0,0,0,0,0,0
亦,0.007462687,0,0.003278689,0.002123142,0,0,0.004201681,0.009493671,0,0
亦將,0.008663911,0,0,0.004929784,0,0,0,0,0,0
仍,0.008663911,0,0,0,0,0,0,0.007347874,0,0
以,0.001201224,0.00351834,0,0.000683499,0.001670907,0.001065987,0,0.00101876,0.001551461,0.001768836
估計,0.012395254,0,0,0,0,0,0,0,0,0
低,0.012395254,0,0,0,0,0,0,0,0,0
低階,0.012395254,0,0,0,0,0,0,0,0,0
作物,0.012395254,0,0,0,0,0,0,0,0,0
供,0.012395254,0,0,0,0,0,0,0,0,0
供給,0.008663911,0,0.003806439,0,0,0,0,0,0,0
依,0.004932568,0,0.002167095,0,0.004574146,0,0,0.008366634,0,0
依據,0.001920049,0.002811875,0.00337425,0.001092512,0,0.001703885,0.002162072,0,0,0.002827325
促進,0.004932568,0,0.002167095,0.005613283,0,0,0,0,0.003185369,0
先前,0.024790508,0,0,0,0,0,0,0,0,0
公告,0.005499743,0.004027134,0.002416281,0,0,0,0.003096494,0.009328678,0,0.014172415
公噸,0.043319554,0.012688132,0,0,0,0,0,0,0,0
公會,0.003731343,0.010928962,0.003278689,0,0,0,0,0.003164557,0,0.008241758
初步,0.012395254,0,0,0,0,0,0,0,0,0
利用,0.012395254,0,0,0,0,0,0,0,0,0
占,0.002749872,0.004027134,0.002416281,0.009388097,0.001275027,0,0,0,0,0.002024631
參考,0.012395254,0,0,0,0,0,0,0,0,0
受,0.004932568,0,0.002167095,0,0.002287073,0,0.00555432,0,0,0
可,0.005499743,0.004027134,0.002416281,0.003129366,0,0,0.006192988,0,0,0.004049262
同,0.008663911,0,0,0,0.004017177,0,0,0,0,0
向,0.003731343,0,0,0.002123142,0,0.003311258,0,0.003164557,0,0.002747253
單位,0.006481215,0,0,0,0.006010262,0,0,0,0,0.004771884
單質,0.012395254,0,0,0,0,0,0,0,0,0
因應,0.003731343,0.005464481,0.001639344,0,0,0.006622517,0,0,0,0.008241758
國際,0.003731343,0.005464481,0,0.006369427,0.005190311,0,0,0.003164557,0,0
在,0.000567176,0,0.000996742,0.000968173,0.001051925,0.000503322,0.001277337,0.000481022,0.00146509,0.000417591
多,0.004932568,0,0,0.002806641,0.004574146,0,0,0,0.003185369,0
多於,0.012395254,0,0,0,0,0,0,0,0,0
密切,0.006481215,0,0.005694969,0,0,0,0.007298175,0,0,0
實施,0.025991732,0,0.007612879,0,0,0,0,0,0,0
實際,0.012395254,0,0,0,0,0,0,0,0,0
對,0.006006121,0.00703668,0.001055502,0,0,0.002131974,0.002705278,0.00203752,0.001551461,0.003537671
少於,0.024790508,0,0,0,0,0,0,0,0,0
展開,0.002749872,0,0.002416281,0,0.002550054,0.002440283,0,0.004664339,0,0.004049262
工商部,0.024790508,0,0,0,0,0,0,0,0,0
已,0.007462687,0.005464481,0.003278689,0,0,0,0,0.003164557,0,0.002747253
年月日,0.010811018,0.00879585,0.001583253,0.000683499,0,0.001065987,0.002705278,0.004075039,0,0.000884418
廠商,0.007462687,0.021857923,0,0,0.008650519,0,0,0,0.004819277,0.005494505
影響,0.01119403,0,0.001639344,0.002123142,0,0,0.004201681,0,0,0.008241758
律師,0.006481215,0.009491615,0,0,0,0,0,0,0,0.004771884
惟,0.009865135,0,0.002167095,0.002806641,0,0,0,0.008366634,0,0
成份,0.012395254,0,0,0,0,0,0,0,0,0
我,0.003603673,0.00527751,0.003694257,0.000683499,0.001113938,0,0.001352639,0.004075039,0,0.003537671
我國,0.002402448,0.00527751,0.00527751,0.002733997,0,0,0.001352639,0.003056279,0.00077573,0.001768836
或,0.005499743,0,0.00120814,0.003129366,0,0,0.006192988,0.004664339,0,0.002024631
所受,0.012395254,0,0,0,0,0,0,0,0,0
所屬,0.008663911,0,0,0,0,0,0,0,0,0.006378923
排除,0.017327822,0,0,0,0,0,0.039024002,0,0,0
措施,0.011520295,0,0.012653439,0.001092512,0,0.003407769,0.004324144,0.004885188,0,0.008481975
提供,0.009865135,0.007223651,0,0.002806641,0,0,0,0,0,0.003631671
施肥,0.012395254,0,0,0,0,0,0,0,0,0
最終,0.003731343,0,0.004918033,0.002123142,0,0.003311258,0,0.003164557,0,0
會計師,0.008663911,0.012688132,0,0,0,0,0,0,0,0
有待,0.012395254,0,0,0,0,0,0,0,0,0
有限,0.012395254,0,0,0,0,0,0,0,0,0
期間,0.007462687,0.005464481,0,0,0.001730104,0,0,0.003164557,0,0.005494505
本,0.003731343,0,0.004918033,0,0,0.003311258,0.004201681,0.009493671,0,0
本次,0.019443645,0,0.005694969,0,0.006010262,0,0,0,0,0
案情,0.008663911,0,0,0,0,0,0,0,0,0.006378923
植物,0.024790508,0,0,0,0,0,0,0,0,0
業界,0.012395254,0,0,0,0,0,0,0,0,0
業者,0.002402448,0.00351834,0.000527751,0,0.000556969,0,0.002705278,0.005093799,0.00077573,0.002653254
正式,0.017327822,0,0,0,0,0.007688504,0,0,0,0
此次,0.012395254,0,0,0,0,0,0,0,0,0
每,0.049581016,0,0,0,0,0,0,0,0,0
比,0.008663911,0,0.007612879,0,0,0,0,0,0,0
氧化鉀,0.012395254,0,0,0,0,0,0,0,0,0
氮,0.012395254,0,0,0,0,0,0,0,0,0
決定,0.01296243,0,0.002847485,0,0,0.005751542,0,0,0,0
海關,0.004932568,0,0.00433419,0,0,0,0,0.008366634,0,0.003631671
涉案,0.017327822,0,0,0,0,0,0,0.014695747,0,0
為,0.005104581,0.002491854,0.000996742,0.000322724,0.002103849,0.002013286,0,0.001443067,0.000732545,0.001670364
為主,0.012395254,0,0,0,0,0,0,0,0,0
特定,0.01296243,0,0.002847485,0,0,0,0.007298175,0,0,0
生產,0.003731343,0,0,0,0,0.003311258,0.004201681,0.003164557,0,0.002747253
產品,0.004804897,0.00351834,0.003694257,0,0.001670907,0,0.005410556,0.005093799,0.001551461,0.004422089
用途,0.012395254,0,0,0,0,0,0,0,0,0
申請,0.003840098,0.002811875,0.000843563,0.001092512,0,0,0.008648289,0.001628396,0,0.001413663
發展,0.001920049,0,0.000843563,0.001092512,0,0.001703885,0.002162072,0.001628396,0,0.002827325
磷酸,0.024790508,0,0,0,0,0,0,0,0,0
稅,0.012395254,0,0,0,0,0,0,0,0,0
稅則,0.006481215,0,0.005694969,0,0,0,0,0.005496727,0,0
稅率,0.043319554,0.012688132,0,0,0,0,0,0,0,0
稅降,0.012395254,0,0,0,0,0,0,0,0,0
競爭,0.008663911,0,0,0,0,0,0,0.007347874,0,0
符合,0.004932568,0,0.002167095,0.002806641,0,0,0.00555432,0,0,0
等,0.001201224,0,0.000527751,0.002050497,0.002784845,0.002131974,0.002705278,0,0.003102921,0.001768836
管理局,0.012395254,0,0,0,0,0,0,0,0,0
約,0.01973027,0,0.008668381,0.005613283,0,0,0,0,0,0.007263341
統計,0.003731343,0.005464481,0.003278689,0,0,0,0,0.003164557,0,0.002747253
經濟部,0.003731343,0.010928962,0,0.004246285,0.003460208,0,0,0,0.004819277,0
總量,0.008663911,0,0,0,0,0,0,0,0,0.006378923
繳納,0.012395254,0,0,0,0,0,0,0,0,0
美元,0.017327822,0,0,0.009859567,0,0,0,0,0,0
者,0.017327822,0,0.007612879,0,0,0,0,0,0,0
聘請,0.008663911,0.012688132,0,0,0,0,0,0,0,0
肥料,0.074371525,0,0,0,0,0,0,0,0,0
臨時,0.06197627,0,0,0,0,0,0,0,0,0
自同,0.012395254,0,0,0,0,0,0,0,0,0
自本,0.012395254,0,0,0,0,0,0,0,0,0
至,0.014797703,0.014447302,0.008668381,0,0,0,0,0,0,0.003631671
至本,0.008663911,0,0,0,0,0,0.009756,0,0,0
萬,0.012395254,0,0,0,0,0,0,0,0,0
號列為,0.012395254,0,0,0,0,0,0,0,0,0
表示,0.001920049,0.002811875,0.00337425,0.00546256,0,0,0.004324144,0.001628396,0,0.001413663
補助,0.006481215,0.018983231,0,0,0,0,0,0,0,0.004771884
複合肥料,0.012395254,0,0,0,0,0,0,0,0,0
觀察,0.012395254,0,0,0,0,0,0,0,0,0
該部,0.012395254,0,0,0,0,0,0,0,0,0
課徵,0.045368504,0.009491615,0,0,0,0.011503083,0,0,0,0
調查,0.005760147,0.002811875,0.004217813,0,0,0.005111654,0.002162072,0.022797546,0,0.008481975
調查結果,0.008663911,0,0,0,0,0,0,0,0,0.006378923
調查過程,0.012395254,0,0,0,0,0,0,0,0,0
費用,0.006481215,0.009491615,0,0,0,0,0,0,0,0.004771884
貿易局,0.01119403,0.010928962,0,0,0.003460208,0,0,0.003164557,0,0.008241758
資訊,0.012395254,0,0,0,0,0,0,0,0,0
起,0.004932568,0.007223651,0.002167095,0,0,0,0.011108639,0,0,0
越南,0.032406075,0,0,0.00737565,0,0,0,0,0.004185459,0
越盾,0.049581016,0,0,0,0,0,0,0,0,0
較,0.004932568,0.007223651,0,0,0.002287073,0,0,0.004183317,0,0
追蹤,0.012395254,0,0,0,0,0,0,0,0,0
退稅,0.012395254,0,0,0,0,0,0,0,0,0
透過,0.002749872,0.004027134,0.002416281,0.003129366,0,0,0,0,0.003551641,0.004049262
進口,0.007680197,0.014059376,0.00337425,0.001092512,0,0,0.004324144,0.006513584,0,0.011309301
適用範圍,0.012395254,0,0,0,0,0,0,0,0,0
防衛,0.051849719,0,0,0,0,0,0,0.01649018,0,0.009543767
除,0.003731343,0,0,0,0,0,0.008403361,0.003164557,0.002409639,0.002747253
隨時,0.012395254,0,0,0,0,0,0,0,0,0
養分,0.024790508,0,0,0,0,0,0,0,0,0
駐外,0.008663911,0,0,0,0,0,0,0,0,0.006378923
atlas,0,0.018152613,0,0,0,0,0,0,0,0
global,0,0.018152613,0,0,0,0,0,0,0,0
trade,0,0.012688132,0,0,0,0.007688504,0,0,0,0
不_,0,0.036305225,0,0,0,0,0,0,0,0
中國,0,0.012081403,0.00120814,0,0.002550054,0.00732085,0,0.009328678,0,0.002024631
之不_,0,0.036305225,0,0,0,0,0,0,0,0
介於,0,0.018152613,0,0,0,0,0,0,0,0
來源國,0,0.009491615,0,0,0,0,0,0.005496727,0,0.004771884
係,0,0.007223651,0,0.002806641,0,0.004377245,0,0,0.003185369,0
公報,0,0.009491615,0,0,0,0.011503083,0,0,0,0.004771884
出口,0,0.004027134,0.007248842,0.001564683,0.001275027,0,0,0.00233217,0,0.004049262
分別,0,0.009491615,0.005694969,0,0,0,0.01459635,0,0,0
前,0,0.012688132,0.007612879,0,0,0,0,0,0,0
動,0,0.018152613,0,0,0,0,0,0,0,0
十大,0,0.018152613,0,0,0,0,0,0,0,0
協助,0,0.009491615,0,0,0.003005131,0,0.007298175,0,0,0
反傾銷,0,0.025376263,0,0,0,0,0,0.044087242,0,0
反傾銷稅,0,0.018152613,0,0,0,0,0,0,0,0
受理,0,0.018152613,0,0,0,0,0,0,0,0
另為,0,0.018152613,0,0,0,0,0,0,0,0
台灣,0,0.009491615,0,0,0,0.005751542,0,0,0.012556378,0
同業公會,0,0.018152613,0,0,0,0,0,0,0,0
同類產品,0,0.012688132,0,0,0,0,0,0,0,0.006378923
呼籲,0,0.009491615,0,0,0,0,0,0.005496727,0,0.004771884
啟,0,0.018152613,0,0,0,0,0,0,0,0
啟動,0,0.018983231,0,0,0.003005131,0.005751542,0,0,0,0
因,0,0.012688132,0.003806439,0,0,0,0,0,0,0
土,0,0.018152613,0,0,0,0,0,0,0,0
土國,0,0.036305225,0,0,0,0,0,0,0,0
土耳其,0,0.037966461,0,0,0.003005131,0,0,0,0,0.004771884
大陸,0,0.012081403,0.00120814,0,0.001275027,0.00732085,0,0.009328678,0,0.002024631
如,0,0.005464481,0.003278689,0,0.001730104,0.003311258,0,0,0,0.002747253
將,0,0.002811875,0.005061375,0.002185024,0.004451325,0.008519423,0.004324144,0,0.003719806,0
屆期,0,0.018152613,0,0,0,0,0,0,0,0
已將,0,0.018152613,0,0,0,0,0,0,0,0
年,0,0.012081403,0.007248842,0.001564683,0.001275027,0.004880567,0,0,0,0.004049262
應訴,0,0.018152613,0,0,0,0,0,0,0,0
提出申請,0,0.018152613,0,0,0,0,0,0,0,0
據,0,0.012688132,0,0,0,0,0,0.014695747,0,0
政府,0,0.005464481,0,0.006369427,0,0,0.004201681,0.003164557,0.004819277,0
數量,0,0.012688132,0,0,0,0,0,0,0,0.006378923
會員,0,0.009491615,0.002847485,0.03687825,0,0,0,0,0,0
本案,0,0.004027134,0.004832561,0,0,0.004880567,0.01548247,0.009328678,0,0.010123154
權益,0,0.007223651,0.002167095,0,0,0,0,0.008366634,0,0.003631671
比例,0,0.018152613,0,0,0,0,0,0,0,0
為期,0,0.018152613,0,0,0,0,0,0,0,0
爰,0,0.012688132,0,0,0,0,0,0.007347874,0,0
率,0,0.018152613,0,0,0,0,0,0,0,0
發布,0,0.004027134,0.00120814,0,0.002550054,0.002440283,0.003096494,0,0,0.004049262
相對,0,0.018152613,0,0,0,0,0,0,0,0
相關,0,0.012081403,0.002416281,0,0,0.004880567,0.003096494,0.011660848,0,0.006073892
稅號,0,0.018152613,0,0,0,0,0,0,0,0
積極,0,0.018983231,0,0,0.006010262,0,0,0,0,0.004771884
競爭力,0,0.018152613,0,0,0,0,0,0,0,0
第,0,0.009491615,0,0,0,0.005751542,0,0,0,0.004771884
答辯,0,0.054457838,0,0,0,0,0,0,0,0
維持,0,0.012688132,0,0.004929784,0,0,0,0,0,0
維護,0,0.009491615,0.002847485,0,0,0,0,0,0,0.004771884
自,0,0.028894603,0,0,0,0,0.00555432,0.008366634,0,0.007263341
萬美元,0,0.009491615,0.002847485,0,0,0,0,0.005496727,0,0
落日,0,0.054457838,0,0,0,0,0,0,0,0
號,0,0.018152613,0,0,0,0,0,0,0,0
被,0,0.018152613,0,0,0,0,0,0,0,0
複查,0,0.054457838,0,0,0,0,0,0,0,0
訂有,0,0.018152613,0,0,0,0,0,0,0,0
訊息,0,0.009491615,0,0,0,0,0,0.005496727,0.004185459,0
課稅,0,0.012688132,0,0,0,0.007688504,0,0,0,0
資料,0,0.018152613,0,0,0,0,0,0,0,0
轉知,0,0.009491615,0,0,0,0,0,0.005496727,0,0.004771884
辦法,0,0.018152613,0,0,0,0,0,0,0,0
通知,0,0.018152613,0,0,0,0,0,0,0,0
部分,0,0.005464481,0.001639344,0.006369427,0,0,0.004201681,0.003164557,0,0
金額,0,0.018983231,0.011389938,0,0,0,0,0,0,0.004771884
鋼管,0,0.050752527,0.003806439,0,0,0,0,0,0,0
鋼鐵工業,0,0.018152613,0,0,0,0,0,0,0,0
鋼鐵業,0,0.012688132,0.003806439,0,0,0,0,0,0,0
附件,0,0.007223651,0,0,0,0.004377245,0,0.004183317,0,0.003631671
顯示,0,0.009491615,0,0,0.003005131,0,0,0,0,0.004771884
高,0,0.009491615,0,0.003687825,0.003005131,0,0,0,0,0
gibson,0,0,0.005445784,0,0,0,0,0,0,0
oecd,0,0,0.005445784,0,0,0,0,0,0,0
steel,0,0,0.005445784,0,0,0,0,0,0,0
tomas,0,0,0.005445784,0,0,0,0,0,0,0
wto,0,0,0.026645076,0,0,0.023065511,0,0,0,0
一,0,0,0.008542454,0,0,0.011503083,0,0,0.004185459,0
一直,0,0,0.005445784,0,0,0,0,0,0,0
三,0,0,0.003806439,0,0,0.015377007,0,0,0,0
三國,0,0,0.005445784,0,0,0,0,0,0,0
三方,0,0,0.005445784,0,0,0,0,0,0,0
下,0,0,0.003806439,0.004929784,0,0,0,0,0,0
下列,0,0,0.003806439,0,0,0.007688504,0,0,0,0
不,0,0,0.011419318,0,0,0.007688504,0,0,0,0
並與,0,0,0.005445784,0,0,0,0,0,0,0
中,0,0,0.003806439,0.004929784,0,0,0,0,0,0
主要,0,0,0.002847485,0,0,0,0,0,0.004185459,0.004771884
之鋁,0,0,0.005445784,0,0,0,0,0,0,0
之鋼,0,0,0.005445784,0,0,0,0,0,0,0
事會,0,0,0.010891568,0,0,0,0,0,0,0
二,0,0,0.011419318,0,0,0.015377007,0,0,0,0
交換意見,0,0,0.005445784,0,0,0,0,0,0,0
代表,0,0,0.002847485,0,0,0.011503083,0.01459635,0,0,0
代表團,0,0,0.005445784,0,0,0,0,0,0,0
以及,0,0,0.002167095,0,0.002287073,0,0,0,0.006370738,0.003631671
伊利諾,0,0,0.005445784,0,0,0,0,0,0,0
佔,0,0,0.007612879,0,0,0,0,0.007347874,0,0
使用,0,0,0.005445784,0,0,0,0,0,0,0
例如,0,0,0.005694969,0,0.003005131,0,0,0,0,0.004771884
例會,0,0,0.005445784,0,0,0,0,0,0,0
保持,0,0,0.005445784,0,0,0,0,0,0,0
保護主義,0,0,0.003806439,0.004929784,0,0,0,0,0,0
修改,0,0,0.005445784,0,0,0,0,0,0,0
價,0,0,0.005445784,0,0,0,0,0,0,0
億元,0,0,0.010891568,0,0,0,0,0,0,0
億美元,0,0,0.002847485,0,0.006010262,0,0,0,0,0.004771884
兆,0,0,0.003806439,0.009859567,0,0,0,0,0,0
免於,0,0,0.005445784,0,0,0,0,0,0,0
內,0,0,0.001639344,0.002123142,0,0.006622517,0.004201681,0,0,0.010989011
全球,0,0,0.00433419,0.008419924,0.018296583,0,0,0,0,0.018158353
公布,0,0,0.013002571,0,0,0.017508981,0.011108639,0.008366634,0,0
公平,0,0,0.007612879,0,0,0.007688504,0,0,0,0
其,0,0,0.007612879,0,0,0,0,0.007347874,0,0
其他,0,0,0.005694969,0.00737565,0,0,0.007298175,0,0,0
別,0,0,0.005694969,0,0.003005131,0,0.007298175,0,0,0
則,0,0,0.005445784,0,0,0,0,0,0,0
前述,0,0,0.007612879,0,0,0.023065511,0,0,0,0
創造,0,0,0.002847485,0.003687825,0.003005131,0,0,0,0,0
加,0,0,0.003806439,0.004929784,0,0,0,0,0,0
加徵,0,0,0.005694969,0,0,0.005751542,0.01459635,0,0,0
加拿大,0,0,0.007612879,0,0.004017177,0,0,0,0,0
包括,0,0,0.001639344,0,0.003460208,0.003311258,0.004201681,0,0.002409639,0
十分,0,0,0.005445784,0,0,0,0,0,0,0
協商,0,0,0.003806439,0,0.004017177,0,0,0,0,0
協會,0,0,0.003806439,0,0,0.007688504,0,0,0,0
危機,0,0,0.005445784,0,0,0,0,0,0,0
即,0,0,0.002847485,0.003687825,0,0,0,0,0,0.004771884
及鋁,0,0,0.010891568,0,0,0,0,0,0,0
反應,0,0,0.005445784,0,0,0,0,0,0,0
另,0,0,0.004918033,0,0.001730104,0.003311258,0,0.003164557,0,0.005494505
另外,0,0,0.005445784,0,0,0,0,0,0,0
召開,0,0,0.003806439,0.004929784,0,0,0,0,0,0
可向,0,0,0.003806439,0,0,0,0.009756,0,0,0
各國,0,0,0.008668381,0.005613283,0.002287073,0,0.011108639,0,0,0
各界,0,0,0.005445784,0,0,0,0,0,0,0
同意,0,0,0.005445784,0,0,0,0,0,0,0
咸,0,0,0.005445784,0,0,0,0,0,0,0
品第,0,0,0.005445784,0,0,0,0,0,0,0
商務,0,0,0.003806439,0,0,0,0.009756,0,0,0
商務部,0,0,0.003806439,0,0,0,0.009756,0,0,0
問題,0,0,0.005445784,0,0,0,0,0,0,0
回應,0,0,0.005445784,0,0,0,0,0,0,0
國內,0,0,0.003278689,0.012738854,0.006920415,0,0.004201681,0.009493671,0,0
國安,0,0,0.011419318,0,0,0,0.019512001,0,0,0
國家,0,0,0.006040702,0.001564683,0.010200216,0,0.018578965,0,0.003551641,0.004049262
國會議員,0,0,0.005445784,0,0,0,0,0,0,0
國防,0,0,0.005445784,0,0,0,0,0,0,0
基於,0,0,0.010891568,0,0,0,0,0,0,0
境內,0,0,0.002847485,0,0,0,0.007298175,0,0,0.009543767
墨,0,0,0.010891568,0,0,0,0,0,0,0
墨西哥,0,0,0.010891568,0,0,0,0,0,0,0
外銷,0,0,0.010891568,0,0,0,0,0,0,0
大,0,0,0.005445784,0,0,0,0,0,0,0
如下,0,0,0.005445784,0,0,0,0,0,0,0
委員會,0,0,0.005445784,0,0,0,0,0,0,0
安全,0,0,0.011419318,0,0,0,0.009756,0,0,0
密切注意,0,0,0.002847485,0,0,0.005751542,0,0,0,0.004771884
將使,0,0,0.005445784,0,0,0,0,0,0,0
將對,0,0,0.005445784,0,0,0,0,0,0,0
將自本,0,0,0.005445784,0,0,0,0,0,0,0
對加,0,0,0.005445784,0,0,0,0,0,0,0
對抗,0,0,0.005445784,0,0,0,0,0,0,0
對於,0,0,0.003278689,0.004246285,0,0,0.004201681,0,0.002409639,0.002747253
就,0,0,0.005694969,0,0,0.005751542,0,0,0,0.004771884
就業,0,0,0.003806439,0.004929784,0,0,0,0,0,0
川普,0,0,0.014237423,0,0,0.011503083,0.01459635,0,0,0
州,0,0,0.005445784,0,0,0,0,0,0,0
已經,0,0,0.005445784,0,0,0,0,0,0,0
市場,0,0,0.002416281,0.003129366,0.001275027,0,0,0.004664339,0.003551641,0.002024631
廠,0,0,0.005445784,0,0,0,0,0,0,0
建築業,0,0,0.005445784,0,0,0,0,0,0,0
建議,0,0,0.003806439,0,0,0.038442518,0,0,0,0
引發,0,0,0.005445784,0,0,0,0,0,0,0
後,0,0,0.00433419,0.008419924,0,0.004377245,0,0,0,0.007263341
後果,0,0,0.005445784,0,0,0,0,0,0,0
從,0,0,0.003806439,0,0,0,0,0,0,0.006378923
情形,0,0,0.003806439,0,0,0,0,0,0,0.006378923
情況,0,0,0.005445784,0,0,0,0,0,0,0
惡化,0,0,0.005445784,0,0,0,0,0,0,0
感謝,0,0,0.005445784,0,0,0,0,0,0,0
應,0,0,0.007612879,0,0,0,0,0.007347874,0,0
成效,0,0,0.005445784,0,0,0,0,0,0,0
成長,0,0,0.002847485,0.00737565,0.003005131,0,0,0,0,0
我輸,0,0,0.003806439,0,0,0,0,0.007347874,0,0
我鋁,0,0,0.005445784,0,0,0,0,0,0,0
所,0,0,0.005694969,0.003687825,0,0.005751542,0,0,0,0
承諾,0,0,0.016337351,0,0,0,0,0,0,0
持續,0,0,0.004918033,0.004246285,0,0.003311258,0.008403361,0.003164557,0,0
捲,0,0,0.005445784,0,0,0,0,0,0,0
採取,0,0,0.002167095,0,0,0.004377245,0.00555432,0,0,0.007263341
採行,0,0,0.003806439,0,0,0,0,0,0,0.006378923
接見,0,0,0.005445784,0,0,0,0,0,0,0
提出,0,0,0.00433419,0,0,0.013131736,0.011108639,0,0,0.003631671
擔心,0,0,0.005445784,0,0,0,0,0,0,0
擴張,0,0,0.005445784,0,0,0,0,0,0,0
救濟,0,0,0.011419318,0,0,0,0,0,0,0.006378923
整合,0,0,0.003806439,0.014789351,0,0,0,0,0,0
文告,0,0,0.011419318,0,0,0,0.019512001,0,0,0
新臺幣,0,0,0.010891568,0,0,0,0,0,0,0
方案,0,0,0.005445784,0,0,0,0,0,0,0
日,0,0,0.005061375,0.001092512,0.004451325,0.006815539,0.015134505,0.001628396,0.002479871,0
日起,0,0,0.005445784,0,0,0,0,0,0,0
時,0,0,0.005445784,0,0,0,0,0,0,0
時間,0,0,0.002847485,0,0,0.005751542,0.01459635,0,0,0
替代,0,0,0.005445784,0,0,0,0,0,0,0
最大,0,0,0.002167095,0,0.006861218,0,0.00555432,0.004183317,0,0
會,0,0,0.002847485,0,0.003005131,0,0,0,0.008370919,0
會長,0,0,0.005445784,0,0,0,0,0,0,0
月,0,0,0.002638755,0.001366998,0.004455752,0.003197961,0.005410556,0.003056279,0.003878652,0.001768836
有,0,0,0.00433419,0,0.002287073,0,0,0.004183317,0.003185369,0
有所,0,0,0.005445784,0,0,0,0,0,0,0
本日,0,0,0.005445784,0,0,0,0,0,0,0
本部,0,0,0.003806439,0,0,0,0,0,0,0.006378923
本項,0,0,0.010891568,0,0,0,0,0,0,0
核定,0,0,0.005445784,0,0,0,0,0,0,0
核心,0,0,0.005445784,0,0,0,0,0,0,0
條款,0,0,0.002847485,0,0,0.005751542,0,0,0,0.004771884
此,0,0,0.003806439,0,0,0,0,0,0,0.006378923
此外,0,0,0.003806439,0.004929784,0,0,0,0,0,0
此舉,0,0,0.005445784,0,0,0,0,0,0,0
法,0,0,0.005445784,0,0,0,0,0,0,0
法規,0,0,0.003806439,0.004929784,0,0,0,0,0,0
溝通,0,0,0.002847485,0.003687825,0,0,0.007298175,0,0,0
滿足,0,0,0.005445784,0,0,0,0,0,0,0
為止,0,0,0.003806439,0,0,0,0.009756,0,0,0
焊接,0,0,0.005445784,0,0,0,0,0,0,0
無法,0,0,0.010891568,0,0,0,0,0,0,0
特殊,0,0,0.005445784,0,0,0,0,0,0,0
理事會,0,0,0.005445784,0,0,0,0,0,0,0
產值,0,0,0.010891568,0,0,0,0,0,0,0
產業,0,0,0.002167095,0,0.009148291,0,0,0,0.015926845,0.003631671
產能,0,0,0.011419318,0,0,0,0,0,0,0.012757847
發表聲明,0,0,0.005445784,0,0,0,0,0,0,0
白宮,0,0,0.005445784,0,0,0,0,0,0,0
的,0,0,0.00337425,0.012017632,0.00890265,0.001703885,0.008648289,0,0.017359095,0.004240988
目標,0,0,0.003806439,0,0.004017177,0,0,0,0,0
直接,0,0,0.005445784,0,0,0,0,0,0,0
石油管,0,0,0.005445784,0,0,0,0,0,0,0
程序,0,0,0.001639344,0.010615711,0,0.009933775,0.004201681,0,0,0.002747253
立場,0,0,0.005445784,0,0,0,0,0,0,0
第屆,0,0,0.005445784,0,0,0,0,0,0,0
管道,0,0,0.005445784,0,0,0,0,0,0,0
組向,0,0,0.005445784,0,0,0,0,0,0,0
經濟,0,0,0.002167095,0.014033207,0.009148291,0,0,0,0.003185369,0
緊密,0,0,0.005445784,0,0,0,0,0,0,0
總,0,0,0.005694969,0.003687825,0.003005131,0,0,0,0,0
總理,0,0,0.010891568,0,0,0,0,0,0,0
總統,0,0,0.014754098,0.004246285,0.001730104,0.009933775,0.012605042,0,0,0
署,0,0,0.002847485,0,0,0.005751542,0.007298175,0,0,0
美,0,0,0.005694969,0,0.006010262,0.005751542,0,0,0,0
美國,0,0,0.018122105,0.006258731,0.002550054,0.00732085,0.018578965,0,0,0.004049262
美國商務部,0,0,0.003806439,0,0,0,0.009756,0,0,0
美方,0,0,0.011389938,0,0,0.011503083,0.01459635,0,0,0
美東,0,0,0.002847485,0,0,0.005751542,0.01459635,0,0,0
美為,0,0,0.005445784,0,0,0,0,0,0,0
美鋼品,0,0,0.005445784,0,0,0,0,0,0,0
考量,0,0,0.002847485,0,0.003005131,0,0,0,0.004185459,0
而,0,0,0.005445784,0,0,0,0,0,0,0
聯邦,0,0,0.003806439,0,0,0.015377007,0,0,0,0
肯定,0,0,0.005445784,0,0,0,0,0,0,0
與,0,0,0.005061375,0.004370048,0.00890265,0.001703885,0.006486216,0,0.004959741,0.001413663
號列,0,0,0.003806439,0,0,0,0,0.007347874,0,0
號列至,0,0,0.005445784,0,0,0,0,0,0,0
衝擊,0,0,0.005445784,0,0,0,0,0,0,0
表達,0,0,0.003806439,0.004929784,0,0,0,0,0,0
要求,0,0,0.00433419,0.002806641,0,0,0,0.004183317,0,0.007263341
規定,0,0,0.007612879,0,0,0,0,0.007347874,0,0
規範,0,0,0.007612879,0.009859567,0,0,0,0,0,0
解決,0,0,0.003806439,0,0,0.015377007,0,0,0,0
計劃,0,0,0.005445784,0,0,0,0,0,0,0
該,0,0,0.006557377,0,0,0.003311258,0.008403361,0.003164557,0,0.010989011
認為,0,0,0.005445784,0,0,0,0,0,0,0
諮商,0,0,0.002847485,0,0,0,0.007298175,0,0,0.004771884
議題,0,0,0.005445784,0,0,0,0,0,0,0
豁,0,0,0.005445784,0,0,0,0,0,0,0
豁免,0,0,0.015225758,0,0,0,0.068292003,0,0,0
貨品,0,0,0.002847485,0.003687825,0,0.017254625,0,0,0,0
貿易,0,0,0.008456982,0.006258731,0.002550054,0.009761134,0.006192988,0,0,0.004049262
過剩,0,0,0.011419318,0,0,0,0,0,0,0.012757847
違反,0,0,0.005445784,0,0,0,0,0,0,0
違背,0,0,0.005445784,0,0,0,0,0,0,0
部將,0,0,0.002416281,0.001564683,0.001275027,0.004880567,0.003096494,0,0.001775821,0
重啟,0,0,0.003806439,0.004929784,0,0,0,0,0,0
針對,0,0,0.008542454,0.011063475,0,0,0.007298175,0,0,0
鋁,0,0,0.011419318,0,0,0,0.019512001,0,0,0
鋁品,0,0,0.010891568,0,0,0,0,0,0,0
鋁業,0,0,0.016337351,0,0,0,0,0,0,0
鋼,0,0,0.007612879,0,0,0,0.009756,0,0,0
鋼片,0,0,0.005445784,0,0,0,0,0,0,0
鋼鐵,0,0,0.045559753,0,0,0,0.01459635,0,0,0.014315651
鋼鐵公司,0,0,0.005445784,0,0,0,0,0,0,0
鋼鐵產業,0,0,0.005445784,0,0,0,0,0,0,0
鍍面,0,0,0.003806439,0,0,0,0,0,0,0.006378923
關係,0,0,0.007612879,0,0,0,0.009756,0,0,0
關切,0,0,0.010891568,0,0,0,0,0,0,0
關注,0,0,0.005694969,0,0,0,0.007298175,0.010993453,0,0
關稅,0,0,0.003278689,0.004246285,0,0.01986755,0.012605042,0,0,0.005494505
關鍵,0,0,0.003806439,0,0,0.007688504,0,0,0,0
關閉,0,0,0.005445784,0,0,0,0,0,0,0
降低,0,0,0.005445784,0,0,0,0,0,0,0
限縮,0,0,0.005445784,0,0,0,0,0,0,0
零時,0,0,0.003806439,0,0,0,0.009756,0,0,0
需求,0,0,0.002167095,0,0.002287073,0,0.00555432,0,0.003185369,0
非常,0,0,0.005445784,0,0,0,0,0,0,0
頃,0,0,0.002847485,0,0,0.005751542,0.007298175,0,0,0
預料,0,0,0.005445784,0,0,0,0,0,0,0
馬達,0,0,0.005445784,0,0,0,0,0,0,0
駐,0,0,0.003806439,0,0.008034353,0,0,0,0,0
駐美,0,0,0.005445784,0,0,0,0,0,0,0
高爐,0,0,0.005445784,0,0,0,0,0,0,0
agreement,0,0,0,0.007052926,0,0,0,0,0,0
and,0,0,0,0.007052926,0,0,0,0,0,0
comprehensive,0,0,0,0.007052926,0,0,0,0,0,0
cptpp,0,0,0,0.11989974,0,0,0,0,0,0
for,0,0,0,0.007052926,0,0,0,0,0,0
gdp,0,0,0,0.007052926,0,0,0,0,0,0
partnership,0,0,0,0.007052926,0,0,0,0,0,0
progressive,0,0,0,0.007052926,0,0,0,0,0,0
tpp,0,0,0,0.021158778,0,0,0,0,0,0
transpacific,0,0,0,0.007052926,0,0,0,0,0,0
不同,0,0,0,0.007052926,0,0,0,0,0,0
並未,0,0,0,0.007052926,0,0,0,0,0,0
並盼,0,0,0,0.007052926,0,0,0,0,0,0
事業,0,0,0,0.014105852,0,0,0,0,0,0
亞太,0,0,0,0.007052926,0,0,0,0,0,0
亞太地區,0,0,0,0.007052926,0,0,0,0,0,0
人口,0,0,0,0.007052926,0,0,0,0,0,0
任何,0,0,0,0.007052926,0,0,0,0,0,0
何時,0,0,0,0.007052926,0,0,0,0,0,0
俟機,0,0,0,0.007052926,0,0,0,0,0,0
個,0,0,0,0.0147513,0,0,0,0,0.004185459,0.004771884
個別,0,0,0,0.007052926,0,0,0,0,0,0
倘僅,0,0,0,0.007052926,0,0,0,0,0,0
值達,0,0,0,0.007052926,0,0,0,0,0,0
做好,0,0,0,0.007052926,0,0,0,0,0,0
傳遞,0,0,0,0.007052926,0,0,0,0,0,0
僅,0,0,0,0.007052926,0,0,0,0,0,0
儀式,0,0,0,0.007052926,0,0,0,0,0,0
億占,0,0,0,0.007052926,0,0,0,0,0,0
儘可能,0,0,0,0.007052926,0,0,0,0,0,0
儘速,0,0,0,0.014105852,0,0,0,0,0,0
免除,0,0,0,0.007052926,0,0,0,0,0,0
入時,0,0,0,0.007052926,0,0,0,0,0,0
內容,0,0,0,0.014105852,0,0,0,0,0,0
全力以赴,0,0,0,0.007052926,0,0,0,0,0,0
全面進步,0,0,0,0.014105852,0,0,0,0,0,0
共同,0,0,0,0.007052926,0,0,0,0,0,0
其中,0,0,0,0.00737565,0.003005131,0,0,0,0,0.004771884
利益,0,0,0,0.002806641,0,0.004377245,0.00555432,0,0,0.007263341
前大,0,0,0,0.007052926,0,0,0,0,0,0
加入,0,0,0,0.035264629,0,0,0,0,0,0
動力,0,0,0,0.007052926,0,0,0,0,0,0
勞工,0,0,0,0.014105852,0,0,0,0,0,0
包含,0,0,0,0.003687825,0.003005131,0,0,0,0,0.004771884
區域,0,0,0,0.021158778,0,0,0,0,0,0
協定,0,0,0,0.063476333,0,0,0,0,0,0
原因,0,0,0,0.007052926,0,0,0,0,0,0
去年,0,0,0,0.003687825,0,0,0,0.005496727,0.004185459,0
去年初,0,0,0,0.007052926,0,0,0,0,0,0
及賴,0,0,0,0.007052926,0,0,0,0,0,0
反,0,0,0,0.007052926,0,0,0,0,0,0
反對,0,0,0,0.007052926,0,0,0,0,0,0
可能性,0,0,0,0.007052926,0,0,0,0,0,0
各,0,0,0,0.021158778,0,0,0,0,0,0
合作,0,0,0,0.005613283,0.006861218,0.004377245,0,0,0.006370738,0
合計,0,0,0,0.014105852,0,0,0,0,0,0
和,0,0,0,0.004929784,0,0,0,0,0.016785022,0
困難,0,0,0,0.007052926,0,0,0,0,0,0
國,0,0,0,0.007052926,0,0,0,0,0,0
均,0,0,0,0.014105852,0,0,0,0,0,0
增進,0,0,0,0.007052926,0,0,0,0,0,0
外,0,0,0,0.003687825,0,0,0.01459635,0.005496727,0,0
外交部長,0,0,0,0.007052926,0,0,0,0,0,0
夥伴,0,0,0,0.019719135,0.020085883,0,0,0,0,0
太平洋,0,0,0,0.021158778,0,0,0,0,0,0
完成,0,0,0,0.01964649,0,0.004377245,0.011108639,0.004183317,0,0
宣布,0,0,0,0.004929784,0,0.015377007,0,0,0,0
審議,0,0,0,0.009859567,0,0,0.009756,0,0,0
將於,0,0,0,0.004929784,0,0.007688504,0,0,0,0
將近,0,0,0,0.007052926,0,0,0,0,0,0
對外,0,0,0,0.014105852,0,0,0,0,0,0
對話,0,0,0,0.007052926,0,0,0,0,0,0
工作,0,0,0,0.007052926,0,0,0,0,0,0
工具,0,0,0,0.004929784,0.004017177,0,0,0,0,0
年內,0,0,0,0.007052926,0,0,0,0,0,0
年底,0,0,0,0.007052926,0,0,0,0,0,0
必要,0,0,0,0.007052926,0,0,0,0,0,0
惟亦願,0,0,0,0.007052926,0,0,0,0,0,0
想法,0,0,0,0.007052926,0,0,0,0,0,0
應邀,0,0,0,0.007052926,0,0,0,0,0,0
成員,0,0,0,0.007052926,0,0,0,0,0,0
所有,0,0,0,0.00737565,0,0,0,0.005496727,0,0.009543767
批准,0,0,0,0.007052926,0,0,0,0,0,0
投資,0,0,0,0.004929784,0,0.038442518,0,0,0,0
折衝,0,0,0,0.007052926,0,0,0,0,0,0
指示,0,0,0,0.004929784,0,0.038442518,0,0,0,0
採購,0,0,0,0.004929784,0.068292003,0,0,0,0,0
接受,0,0,0,0.021158778,0,0,0,0,0,0
接軌,0,0,0,0.004929784,0,0,0,0,0.005595007,0
控制,0,0,0,0.014105852,0,0,0,0,0,0
擴大,0,0,0,0.00737565,0.003005131,0,0,0,0.008370919,0
改革,0,0,0,0.007052926,0,0,0,0,0,0
效益,0,0,0,0.007052926,0,0,0,0,0,0
新,0,0,0,0.003687825,0.021035916,0,0,0,0.041854593,0
新加坡,0,0,0,0.007052926,0,0,0,0,0,0
新會員,0,0,0,0.014105852,0,0,0,0,0,0
新興,0,0,0,0.007052926,0,0,0,0,0,0
於今,0,0,0,0.007052926,0,0,0,0,0,0
於本,0,0,0,0.007052926,0,0,0,0,0,0
日本,0,0,0,0.014789351,0.004017177,0,0,0,0,0
明年初,0,0,0,0.007052926,0,0,0,0,0,0
是,0,0,0,0.007052926,0,0,0,0,0,0
時程,0,0,0,0.014105852,0,0,0,0,0,0
智利,0,0,0,0.049370481,0,0,0,0,0,0
更,0,0,0,0.003687825,0.006010262,0,0,0,0.008370919,0
更新,0,0,0,0.007052926,0,0,0,0,0,0
最佳,0,0,0,0.007052926,0,0,0,0,0,0
會議,0,0,0,0.007052926,0,0,0,0,0,0
有助於,0,0,0,0.007052926,0,0,0,0,0,0
有異,0,0,0,0.007052926,0,0,0,0,0,0
服務業,0,0,0,0.007052926,0,0,0,0,0,0
極為,0,0,0,0.007052926,0,0,0,0,0,0
樂見,0,0,0,0.007052926,0,0,0,0,0,0
機會,0,0,0,0.004929784,0.008034353,0,0,0,0,0
歡迎,0,0,0,0.009859567,0,0,0,0,0.005595007,0
此一,0,0,0,0.007052926,0,0,0,0,0,0
此項,0,0,0,0.007052926,0,0,0,0,0,0
水準,0,0,0,0.007052926,0,0,0,0,0,0
減少,0,0,0,0.007052926,0,0,0,0,0,0
準備,0,0,0,0.004929784,0,0,0,0.007347874,0,0
澳洲,0,0,0,0.003687825,0.003005131,0,0.007298175,0,0,0
爭取,0,0,0,0.00737565,0,0,0.007298175,0.005496727,0,0
環境,0,0,0,0.014105852,0,0,0,0,0,0
生效,0,0,0,0.014105852,0,0,0,0,0,0
由於,0,0,0,0.004929784,0,0,0,0.007347874,0,0
申請加入,0,0,0,0.007052926,0,0,0,0,0,0
監管,0,0,0,0.007052926,0,0,0,0,0,0
相互,0,0,0,0.007052926,0,0,0,0,0,0
盼,0,0,0,0.004929784,0,0,0.009756,0,0,0
瞭解,0,0,0,0.003687825,0.003005131,0,0.007298175,0,0,0
碰觸,0,0,0,0.007052926,0,0,0,0,0,0
社會,0,0,0,0.007052926,0,0,0,0,0,0
福祉,0,0,0,0.007052926,0,0,0,0,0,0
秘魯,0,0,0,0.007052926,0,0,0,0,0,0
稅後,0,0,0,0.007052926,0,0,0,0,0,0
簽署,0,0,0,0.011063475,0,0.011503083,0.007298175,0,0,0
納入,0,0,0,0.004929784,0,0,0.009756,0,0,0
紐西蘭,0,0,0,0.007052926,0,0,0,0,0,0
累計,0,0,0,0.007052926,0,0,0,0,0,0
絕大多數,0,0,0,0.007052926,0,0,0,0,0,0
經貿,0,0,0,0.004929784,0.008034353,0,0,0,0,0
總值,0,0,0,0.007052926,0,0,0,0,0,0
繁榮,0,0,0,0.014105852,0,0,0,0,0,0
聖地牙哥,0,0,0,0.007052926,0,0,0,0,0,0
自由化,0,0,0,0.014105852,0,0,0,0,0,0
致詞,0,0,0,0.007052926,0,0,0,0,0,0
蔡,0,0,0,0.007052926,0,0,0,0,0,0
藉由,0,0,0,0.004929784,0,0,0,0,0.011190015,0
規模,0,0,0,0.004929784,0,0,0,0,0.005595007,0
討論,0,0,0,0.007052926,0,0,0,0,0,0
記者,0,0,0,0.007052926,0,0,0,0,0,0
評估,0,0,0,0.007052926,0,0,0,0,0,0
詢問,0,0,0,0.007052926,0,0,0,0,0,0
調整,0,0,0,0.021158778,0,0,0,0,0,0
談判,0,0,0,0.014105852,0,0,0,0,0,0
證明,0,0,0,0.007052926,0,0,0,0,0,0
讚揚,0,0,0,0.007052926,0,0,0,0,0,0
貧窮,0,0,0,0.007052926,0,0,0,0,0,0
貪腐,0,0,0,0.007052926,0,0,0,0,0,0
貿易總額,0,0,0,0.007052926,0,0,0,0,0,0
超過,0,0,0,0.004929784,0.01205153,0,0,0,0,0
跨,0,0,0,0.021158778,0,0,0,0,0,0
退出,0,0,0,0.014105852,0,0,0,0,0,0
透明化,0,0,0,0.007052926,0,0,0,0,0,0
途徑,0,0,0,0.007052926,0,0,0,0,0,0
進一步,0,0,0,0.004929784,0,0,0,0,0,0.006378923
進程,0,0,0,0.007052926,0,0,0,0,0,0
遊說,0,0,0,0.007052926,0,0,0,0,0,0
過程,0,0,0,0.007052926,0,0,0,0,0,0
達成,0,0,0,0.007052926,0,0,0,0,0,0
部長,0,0,0,0.007052926,0,0,0,0,0,0
重大,0,0,0,0.007052926,0,0,0,0,0,0
重新,0,0,0,0.007052926,0,0,0,0,0,0
重要,0,0,0,0.007052926,0,0,0,0,0,0
重返,0,0,0,0.007052926,0,0,0,0,0,0
金融,0,0,0,0.007052926,0,0,0,0,0,0
開始,0,0,0,0.004929784,0,0,0,0,0,0.006378923
開放,0,0,0,0.009859567,0,0,0.009756,0,0,0
間並,0,0,0,0.007052926,0,0,0,0,0,0
降,0,0,0,0.007052926,0,0,0,0,0,0
院長,0,0,0,0.007052926,0,0,0,0,0,0
除了,0,0,0,0.007052926,0,0,0,0,0,0
隨即,0,0,0,0.007052926,0,0,0,0,0,0
電信,0,0,0,0.007052926,0,0,0,0,0,0
電子商務,0,0,0,0.014105852,0,0,0,0,0,0
預計,0,0,0,0.009859567,0.01205153,0,0,0,0,0
領域,0,0,0,0.009859567,0,0,0,0,0.011190015,0
願意,0,0,0,0.007052926,0,0,0,0,0,0
馬來西亞,0,0,0,0.005613283,0.006861218,0,0,0.008366634,0.003185369,0
體制,0,0,0,0.007052926,0,0,0,0,0,0
高階,0,0,0,0.007052926,0,0,0,0,0,0
arcelik,0,0,0,0,0.00574728,0,0,0,0,0
electronics,0,0,0,0,0.00574728,0,0,0,0,0
future,0,0,0,0,0.00574728,0,0,0,0,0
honeywell,0,0,0,0,0.00574728,0,0,0,0,0
ipo,0,0,0,0,0.00574728,0,0,0,0,0
led,0,0,0,0,0.00574728,0,0,0,0,0
limited,0,0,0,0,0.00574728,0,0,0,0,0
plastic,0,0,0,0,0.00574728,0,0,0,0,0
private,0,0,0,0,0.00574728,0,0,0,0,0
rikki,0,0,0,0,0.00574728,0,0,0,0,0
一場,0,0,0,0,0.00574728,0,0,0,0,0
一對一,0,0,0,0,0.00574728,0,0,0,0,0
一系列,0,0,0,0,0.00574728,0,0,0,0,0
一館,0,0,0,0,0.00574728,0,0,0,0,0
三分之一,0,0,0,0,0.00574728,0,0,0,0,0
上年,0,0,0,0,0.00574728,0,0,0,0,0
世貿,0,0,0,0,0.00574728,0,0,0,0,0
並重,0,0,0,0,0.00574728,0,0,0,0,0
主軸,0,0,0,0,0.004017177,0,0,0,0.005595007,0
乳製品,0,0,0,0,0.00574728,0,0,0,0,0
乾,0,0,0,0,0.00574728,0,0,0,0,0
互惠,0,0,0,0,0.00574728,0,0,0,0,0
交流平台,0,0,0,0,0.00574728,0,0,0,0,0
今年,0,0,0,0,0.008034353,0,0,0,0.016785022,0
介紹,0,0,0,0,0.00574728,0,0,0,0,0
代表處,0,0,0,0,0.00574728,0,0,0,0,0
以上,0,0,0,0,0.01205153,0,0,0.007347874,0,0
以往,0,0,0,0,0.00574728,0,0,0,0,0
以新,0,0,0,0,0.00574728,0,0,0,0,0
企業,0,0,0,0,0.00574728,0,0,0,0,0
休閒,0,0,0,0,0.011494561,0,0,0,0,0
來,0,0,0,0,0.034483683,0,0,0,0,0
來看,0,0,0,0,0.00574728,0,0,0,0,0
供應鏈,0,0,0,0,0.028736402,0,0,0,0,0
促成,0,0,0,0,0.004017177,0,0,0,0.005595007,0
保養,0,0,0,0,0.00574728,0,0,0,0,0
億,0,0,0,0,0.00574728,0,0,0,0,0
優勢產業,0,0,0,0,0.00574728,0,0,0,0,0
元件,0,0,0,0,0.00574728,0,0,0,0,0
全年,0,0,0,0,0.00574728,0,0,0,0,0
兩地,0,0,0,0,0.00574728,0,0,0,0,0
八成,0,0,0,0,0.00574728,0,0,0,0,0
公司,0,0,0,0,0.017241841,0,0,0,0,0
共襄盛舉,0,0,0,0,0.004017177,0,0,0,0.005595007,0
共贏,0,0,0,0,0.00574728,0,0,0,0,0
出席,0,0,0,0,0.004017177,0,0,0.007347874,0,0
分布,0,0,0,0,0.00574728,0,0,0,0,0
前奏,0,0,0,0,0.00574728,0,0,0,0,0
副,0,0,0,0,0.00574728,0,0,0,0,0
力邀,0,0,0,0,0.00574728,0,0,0,0,0
加工品,0,0,0,0,0.00574728,0,0,0,0,0
區,0,0,0,0,0.004017177,0,0,0,0.005595007,0
半數,0,0,0,0,0.00574728,0,0,0,0,0
南北,0,0,0,0,0.017241841,0,0,0,0,0
南向,0,0,0,0,0.032137413,0,0,0,0.033570045,0
南港,0,0,0,0,0.00574728,0,0,0,0,0
印尼,0,0,0,0,0.020085883,0,0,0,0.033570045,0
印度,0,0,0,0,0.002287073,0,0,0.054383118,0.003185369,0.003631671
即將,0,0,0,0,0.003005131,0,0,0.005496727,0.004185459,0
即時新聞,0,0,0,0,0.00574728,0,0,0,0,0
及其,0,0,0,0,0.00574728,0,0,0,0,0
及綠能,0,0,0,0,0.00574728,0,0,0,0,0
受到,0,0,0,0,0.00574728,0,0,0,0,0
只是,0,0,0,0,0.00574728,0,0,0,0,0
可望,0,0,0,0,0.00574728,0,0,0,0,0
台,0,0,0,0,0.004017177,0,0,0,0.005595007,0
台北,0,0,0,0,0.00574728,0,0,0,0,0
各地,0,0,0,0,0.00574728,0,0,0,0,0
咖哩,0,0,0,0,0.00574728,0,0,0,0,0
咖啡,0,0,0,0,0.00574728,0,0,0,0,0
商,0,0,0,0,0.004017177,0,0,0.014695747,0,0
商機,0,0,0,0,0.01205153,0,0,0,0.011190015,0
商洽,0,0,0,0,0.00574728,0,0,0,0,0
喜愛,0,0,0,0,0.00574728,0,0,0,0,0
國人,0,0,0,0,0.00574728,0,0,0,0,0
國近,0,0,0,0,0.00574728,0,0,0,0,0
地,0,0,0,0,0.004017177,0,0,0,0.005595007,0
地區,0,0,0,0,0.00574728,0,0,0,0,0
場,0,0,0,0,0.022989122,0,0,0,0,0
壓件,0,0,0,0,0.00574728,0,0,0,0,0
外商,0,0,0,0,0.011494561,0,0,0,0,0
外貿協會,0,0,0,0,0.00574728,0,0,0,0,0
多元,0,0,0,0,0.003005131,0.005751542,0,0,0.004185459,0
多項,0,0,0,0,0.00574728,0,0,0,0,0
大型,0,0,0,0,0.00574728,0,0,0,0,0
大廠,0,0,0,0,0.011494561,0,0,0,0,0
大會,0,0,0,0,0.051725524,0,0,0,0,0
契機,0,0,0,0,0.00574728,0,0,0,0,0
妝,0,0,0,0,0.011494561,0,0,0,0,0
委託,0,0,0,0,0.00574728,0,0,0,0,0
媒合,0,0,0,0,0.01205153,0,0,0,0.005595007,0
孟加拉,0,0,0,0,0.00574728,0,0,0,0,0
家,0,0,0,0,0.016068707,0,0,0,0.005595007,0
家電,0,0,0,0,0.00574728,0,0,0,0,0
實力,0,0,0,0,0.004017177,0,0,0,0.016785022,0
射出,0,0,0,0,0.00574728,0,0,0,0,0
將在,0,0,0,0,0.00574728,0,0,0,0,0
將有,0,0,0,0,0.011494561,0,0,0,0,0
將由,0,0,0,0,0.00574728,0,0,0,0,0
尋找,0,0,0,0,0.00574728,0,0,0,0,0
展覽館,0,0,0,0,0.00574728,0,0,0,0,0
年度,0,0,0,0,0.004017177,0,0,0,0.005595007,0
建材,0,0,0,0,0.00574728,0,0,0,0,0
引進,0,0,0,0,0.00574728,0,0,0,0,0
後續,0,0,0,0,0.003005131,0.005751542,0,0,0,0.004771884
復甦,0,0,0,0,0.00574728,0,0,0,0,0
成型機,0,0,0,0,0.00574728,0,0,0,0,0
我商,0,0,0,0,0.00574728,0,0,0,0,0
手,0,0,0,0,0.00574728,0,0,0,0,0
打造,0,0,0,0,0.00574728,0,0,0,0,0
拓銷,0,0,0,0,0.004017177,0,0,0.007347874,0,0
掌握,0,0,0,0,0.00574728,0,0,0,0,0
接單,0,0,0,0,0.00574728,0,0,0,0,0
接續,0,0,0,0,0.00574728,0,0,0,0,0
推廣,0,0,0,0,0.011494561,0,0,0,0,0
揭幕,0,0,0,0,0.00574728,0,0,0,0,0
擠出機,0,0,0,0,0.00574728,0,0,0,0,0
政策,0,0,0,0,0.004017177,0.007688504,0,0,0,0
整體,0,0,0,0,0.004017177,0,0,0,0.005595007,0
數,0,0,0,0,0.00574728,0,0,0,0,0
數的,0,0,0,0,0.00574728,0,0,0,0,0
文化,0,0,0,0,0.008034353,0,0,0,0.033570045,0
文化交流,0,0,0,0,0.00574728,0,0,0,0,0
日期,0,0,0,0,0.004017177,0.007688504,0,0,0,0
明,0,0,0,0,0.00574728,0,0,0,0,0
明日,0,0,0,0,0.011494561,0,0,0,0,0
暨,0,0,0,0,0.011494561,0,0,0,0,0
暨資,0,0,0,0,0.00574728,0,0,0,0,0
最,0,0,0,0,0.00574728,0,0,0,0,0
最為,0,0,0,0,0.00574728,0,0,0,0,0
有別,0,0,0,0,0.00574728,0,0,0,0,0
服飾,0,0,0,0,0.00574728,0,0,0,0,0
本屆,0,0,0,0,0.017241841,0,0,0,0,0
材,0,0,0,0,0.00574728,0,0,0,0,0
東,0,0,0,0,0.00574728,0,0,0,0,0
椰子,0,0,0,0,0.00574728,0,0,0,0,0
模具,0,0,0,0,0.011494561,0,0,0,0,0
機日,0,0,0,0,0.00574728,0,0,0,0,0
機械,0,0,0,0,0.017241841,0,0,0,0,0
機械類,0,0,0,0,0.00574728,0,0,0,0,0
次長,0,0,0,0,0.00574728,0,0,0,0,0
水果,0,0,0,0,0.011494561,0,0,0,0,0
汽車,0,0,0,0,0.011494561,0,0,0,0,0
汽配,0,0,0,0,0.00574728,0,0,0,0,0
沖,0,0,0,0,0.00574728,0,0,0,0,0
注入,0,0,0,0,0.00574728,0,0,0,0,0
泰國,0,0,0,0,0.01205153,0,0,0,0.005595007,0
活動,0,0,0,0,0.03615459,0,0,0,0.011190015,0
活水,0,0,0,0,0.00574728,0,0,0,0,0
洽談,0,0,0,0,0.011494561,0,0,0,0,0
海外,0,0,0,0,0.00574728,0,0,0,0,0
消費,0,0,0,0,0.00574728,0,0,0,0,0
澳紐,0,0,0,0,0.00574728,0,0,0,0,0
熱帶,0,0,0,0,0.00574728,0,0,0,0,0
營業額,0,0,0,0,0.011494561,0,0,0,0,0
物,0,0,0,0,0.00574728,0,0,0,0,0
特別,0,0,0,0,0.008034353,0,0,0,0.011190015,0
特色,0,0,0,0,0.017241841,0,0,0,0,0
王,0,0,0,0,0.00574728,0,0,0,0,0
現場,0,0,0,0,0.00574728,0,0,0,0,0
環保,0,0,0,0,0.00574728,0,0,0,0,0
甜,0,0,0,0,0.00574728,0,0,0,0,0
生,0,0,0,0,0.00574728,0,0,0,0,0
生活,0,0,0,0,0.004017177,0,0,0,0.005595007,0
登場,0,0,0,0,0.016068707,0,0,0,0.005595007,0
盛會,0,0,0,0,0.00574728,0,0,0,0,0
科技,0,0,0,0,0.003005131,0.011503083,0,0,0.012556378,0
種類,0,0,0,0,0.00574728,0,0,0,0,0
精,0,0,0,0,0.00574728,0,0,0,0,0
糖,0,0,0,0,0.00574728,0,0,0,0,0
系列,0,0,0,0,0.004017177,0,0,0,0.005595007,0
結合,0,0,0,0,0.004017177,0,0,0,0.011190015,0
經銷,0,0,0,0,0.00574728,0,0,0,0,0
綠,0,0,0,0,0.008034353,0,0,0,0.005595007,0
緬甸,0,0,0,0,0.00574728,0,0,0,0,0
聚焦,0,0,0,0,0.00574728,0,0,0,0,0
聚落,0,0,0,0,0.017241841,0,0,0,0,0
聯網,0,0,0,0,0.00574728,0,0,0,0,0
能,0,0,0,0,0.00574728,0,0,0,0,0
能源,0,0,0,0,0.00574728,0,0,0,0,0
臺,0,0,0,0,0.040230963,0,0,0,0,0
臺北,0,0,0,0,0.011494561,0,0,0,0,0
臺灣,0,0,0,0,0.004017177,0,0,0,0.117495157,0
舉辦,0,0,0,0,0.004017177,0,0,0,0.011190015,0
菲律賓,0,0,0,0,0.00574728,0,0,0,0,0
蜂蜜,0,0,0,0,0.00574728,0,0,0,0,0
行銷,0,0,0,0,0.011494561,0,0,0,0,0
規劃,0,0,0,0,0.01205153,0,0,0,0.011190015,0
諸如,0,0,0,0,0.00574728,0,0,0,0,0
讓民眾,0,0,0,0,0.00574728,0,0,0,0,0
讚,0,0,0,0,0.00574728,0,0,0,0,0
買主,0,0,0,0,0.074714646,0,0,0,0,0
資,0,0,0,0,0.00574728,0,0,0,0,0
賣主,0,0,0,0,0.00574728,0,0,0,0,0
超,0,0,0,0,0.00574728,0,0,0,0,0
超大型,0,0,0,0,0.011494561,0,0,0,0,0
輝門,0,0,0,0,0.00574728,0,0,0,0,0
辣醬,0,0,0,0,0.00574728,0,0,0,0,0
辦理,0,0,0,0,0.016068707,0,0,0,0.005595007,0
近,0,0,0,0,0.011494561,0,0,0,0,0
近家,0,0,0,0,0.00574728,0,0,0,0,0
通訊,0,0,0,0,0.011494561,0,0,0,0,0
週,0,0,0,0,0.00574728,0,0,0,0,0
進行,0,0,0,0,0.003005131,0.005751542,0,0,0,0.004771884
逾,0,0,0,0,0.00574728,0,0,0,0,0
過場,0,0,0,0,0.00574728,0,0,0,0,0
達家,0,0,0,0,0.011494561,0,0,0,0,0
邀,0,0,0,0,0.00574728,0,0,0,0,0
還有,0,0,0,0,0.00574728,0,0,0,0,0
醫,0,0,0,0,0.011494561,0,0,0,0,0
重量級,0,0,0,0,0.00574728,0,0,0,0,0
銳不可擋,0,0,0,0,0.00574728,0,0,0,0,0
關西,0,0,0,0,0.00574728,0,0,0,0,0
陳,0,0,0,0,0.00574728,0,0,0,0,0
陸續,0,0,0,0,0.004017177,0,0,0,0.005595007,0
雄,0,0,0,0,0.00574728,0,0,0,0,0
集團,0,0,0,0,0.00574728,0,0,0,0,0
雙向,0,0,0,0,0.011494561,0,0,0,0,0
雙向交流,0,0,0,0,0.00574728,0,0,0,0,0
雙贏,0,0,0,0,0.00574728,0,0,0,0,0
電力公司,0,0,0,0,0.00574728,0,0,0,0,0
電子,0,0,0,0,0.00574728,0,0,0,0,0
電子元件,0,0,0,0,0.00574728,0,0,0,0,0
非洲,0,0,0,0,0.00574728,0,0,0,0,0
項目,0,0,0,0,0.00574728,0,0,0,0,0
領導品牌,0,0,0,0,0.00574728,0,0,0,0,0
食品,0,0,0,0,0.011494561,0,0,0,0,0
首先,0,0,0,0,0.004017177,0,0,0,0.005595007,0
首次,0,0,0,0,0.00574728,0,0,0,0,0
首次來臺,0,0,0,0,0.00574728,0,0,0,0,0
香料,0,0,0,0,0.00574728,0,0,0,0,0
高雄,0,0,0,0,0.00574728,0,0,0,0,0
annual,0,0,0,0,0,0.010999762,0,0,0,0
fact,0,0,0,0,0,0.010999762,0,0,0,0
sheet,0,0,0,0,0,0.010999762,0,0,0,0
ustr,0,0,0,0,0,0.087998095,0,0,0,0
value,0,0,0,0,0,0.010999762,0,0,0,0
不公,0,0,0,0,0,0.010999762,0,0,0,0
並與公,0,0,0,0,0,0.010999762,0,0,0,0
中方,0,0,0,0,0,0.043999048,0,0,0,0
中資企業,0,0,0,0,0,0.010999762,0,0,0,0
來自,0,0,0,0,0,0.010999762,0,0,0,0
值,0,0,0,0,0,0.010999762,0,0,0,0
備忘錄,0,0,0,0,0,0.021999524,0,0,0,0
內需,0,0,0,0,0,0.007688504,0,0.007347874,0,0
公眾,0,0,0,0,0,0.021999524,0,0,0,0
公聽會,0,0,0,0,0,0.005751542,0,0.005496727,0,0.009543767
分析,0,0,0,0,0,0.010999762,0,0,0,0
創新,0,0,0,0,0,0.021999524,0,0,0,0
加大,0,0,0,0,0,0.010999762,0,0,0,0
加速,0,0,0,0,0,0.010999762,0,0,0,0
協同,0,0,0,0,0,0.010999762,0,0,0,0
去,0,0,0,0,0,0.007688504,0,0.007347874,0,0
受損害,0,0,0,0,0,0.010999762,0,0,0,0
另亦將,0,0,0,0,0,0.010999762,0,0,0,0
四,0,0,0,0,0,0.010999762,0,0,0,0
報復,0,0,0,0,0,0.010999762,0,0,0,0
定,0,0,0,0,0,0.010999762,0,0,0,0
將依,0,0,0,0,0,0.010999762,0,0,0,0
對策,0,0,0,0,0,0.010999762,0,0,0,0
對美,0,0,0,0,0,0.010999762,0,0,0,0
布局,0,0,0,0,0,0.010999762,0,0,0,0
平行,0,0,0,0,0,0.010999762,0,0,0,0
從價,0,0,0,0,0,0.010999762,0,0,0,0
徵求,0,0,0,0,0,0.010999762,0,0,0,0
意見,0,0,0,0,0,0.021999524,0,0,0,0
或行,0,0,0,0,0,0.010999762,0,0,0,0
技術,0,0,0,0,0,0.007688504,0,0,0.005595007,0
授權,0,0,0,0,0,0.010999762,0,0,0,0
採取行動,0,0,0,0,0,0.021999524,0,0,0,0
控訴,0,0,0,0,0,0.010999762,0,0,0,0
提高,0,0,0,0,0,0.007688504,0,0,0,0.006378923
損及,0,0,0,0,0,0.010999762,0,0,0,0
摘要,0,0,0,0,0,0.010999762,0,0,0,0
擬定,0,0,0,0,0,0.010999762,0,0,0,0
數日,0,0,0,0,0,0.010999762,0,0,0,0
日川普,0,0,0,0,0,0.010999762,0,0,0,0
是否,0,0,0,0,0,0.005751542,0,0.01649018,0,0.004771884
智慧,0,0,0,0,0,0.007688504,0,0,0.011190015,0
有關,0,0,0,0,0,0.004377245,0.00555432,0.004183317,0.003185369,0
期限,0,0,0,0,0,0.010999762,0,0,0,0
未來,0,0,0,0,0,0.005751542,0,0.005496727,0.004185459,0
本年,0,0,0,0,0,0.005751542,0,0.005496727,0.004185459,0
根據,0,0,0,0,0,0.010999762,0,0,0,0
條規,0,0,0,0,0,0.010999762,0,0,0,0
檢視,0,0,0,0,0,0.007688504,0,0,0,0.006378923
歧視性,0,0,0,0,0,0.010999762,0,0,0,0
比重,0,0,0,0,0,0.010999762,0,0,0,0
法律,0,0,0,0,0,0.010999762,0,0,0,0
清單,0,0,0,0,0,0.030754015,0.009756,0,0,0
爭端,0,0,0,0,0,0.021999524,0,0,0,0
產業界,0,0,0,0,0,0.007688504,0,0,0.005595007,0
相當於,0,0,0,0,0,0.010999762,0,0,0,0
研擬,0,0,0,0,0,0.010999762,0,0,0,0
研發,0,0,0,0,0,0.010999762,0,0,0,0
緊密聯繫,0,0,0,0,0,0.010999762,0,0,0,0
美因,0,0,0,0,0,0.010999762,0,0,0,0
能量,0,0,0,0,0,0.010999762,0,0,0,0
舉行,0,0,0,0,0,0.005751542,0,0.005496727,0,0.004771884
處理,0,0,0,0,0,0.010999762,0,0,0,0
行動,0,0,0,0,0,0.010999762,0,0,0,0
行政部門,0,0,0,0,0,0.010999762,0,0,0,0
行為,0,0,0,0,0,0.021999524,0,0,0,0
訴諸,0,0,0,0,0,0.010999762,0,0,0,0
評論,0,0,0,0,0,0.021999524,0,0,0,0
財政,0,0,0,0,0,0.010999762,0,0,0,0
財政部,0,0,0,0,0,0.021999524,0,0,0,0
財產權,0,0,0,0,0,0.010999762,0,0,0,0
貿易法,0,0,0,0,0,0.010999762,0,0,0,0
部會,0,0,0,0,0,0.010999762,0,0,0,0
部會將,0,0,0,0,0,0.010999762,0,0,0,0
限制,0,0,0,0,0,0.043999048,0,0,0,0
隨後,0,0,0,0,0,0.010999762,0,0,0,0
lighthizer,0,0,0,0,0,0,0.013957681,0,0,0
上午,0,0,0,0,0,0,0.013957681,0,0,0
上述,0,0,0,0,0,0,0.007298175,0.005496727,0,0.009543767
不足,0,0,0,0,0,0,0.013957681,0,0,0
且須,0,0,0,0,0,0,0.013957681,0,0,0
並將,0,0,0,0,0,0,0.019512001,0,0,0.006378923
以為,0,0,0,0,0,0,0.013957681,0,0,0
供應,0,0,0,0,0,0,0.009756,0.007347874,0,0
個人,0,0,0,0,0,0,0.013957681,0,0,0
全力,0,0,0,0,0,0,0.013957681,0,0,0
公佈,0,0,0,0,0,0,0.013957681,0,0,0
南韓,0,0,0,0,0,0,0.013957681,0,0,0
另於,0,0,0,0,0,0,0.013957681,0,0,0
名單,0,0,0,0,0,0,0.013957681,0,0,0
商品,0,0,0,0,0,0,0.013957681,0,0,0
國會,0,0,0,0,0,0,0.013957681,0,0,0
大使,0,0,0,0,0,0,0.013957681,0,0,0
失望,0,0,0,0,0,0,0.013957681,0,0,0
尋求,0,0,0,0,0,0,0.013957681,0,0,0
巴西,0,0,0,0,0,0,0.013957681,0,0,0
我方,0,0,0,0,0,0,0.009756,0,0,0.006378923
故,0,0,0,0,0,0,0.013957681,0,0,0
暫時,0,0,0,0,0,0,0.029268001,0.007347874,0,0
會員國,0,0,0,0,0,0,0.013957681,0,0,0
月底,0,0,0,0,0,0,0.013957681,0,0,0
未,0,0,0,0,0,0,0.009756,0,0,0.006378923
未能,0,0,0,0,0,0,0.013957681,0,0,0
案,0,0,0,0,0,0,0.009756,0.007347874,0,0
歐盟,0,0,0,0,0,0,0.009756,0,0,0.11482062
獲得,0,0,0,0,0,0,0.013957681,0,0,0
理由,0,0,0,0,0,0,0.013957681,0,0,0
異議,0,0,0,0,0,0,0.013957681,0,0,0
積極爭取,0,0,0,0,0,0,0.013957681,0,0,0
組織,0,0,0,0,0,0,0.013957681,0,0,0
網站,0,0,0,0,0,0,0.009756,0,0.005595007,0
美國白宮,0,0,0,0,0,0,0.013957681,0,0,0
美有,0,0,0,0,0,0,0.013957681,0,0,0
自月,0,0,0,0,0,0,0.013957681,0,0,0
要件,0,0,0,0,0,0,0.013957681,0,0,0
說明,0,0,0,0,0,0,0.013957681,0,0,0
阿根廷,0,0,0,0,0,0,0.013957681,0,0,0
association,0,0,0,0,0,0,0,0.010512431,0,0
cell,0,0,0,0,0,0,0,0.010512431,0,0
dgad,0,0,0,0,0,0,0,0.010512431,0,0
indian,0,0,0,0,0,0,0,0.010512431,0,0
manufacturers,0,0,0,0,0,0,0,0.010512431,0,0
solar,0,0,0,0,0,0,0,0.021024861,0,0
不管,0,0,0,0,0,0,0,0.010512431,0,0
不足以,0,0,0,0,0,0,0,0.010512431,0,0
且,0,0,0,0,0,0,0,0.010512431,0,0
主張,0,0,0,0,0,0,0,0.010512431,0,0
之虞,0,0,0,0,0,0,0,0.010512431,0,0
今,0,0,0,0,0,0,0,0.007347874,0.005595007,0
似,0,0,0,0,0,0,0,0.010512431,0,0
保障,0,0,0,0,0,0,0,0.007347874,0.005595007,0
值得,0,0,0,0,0,0,0,0.010512431,0,0
停止,0,0,0,0,0,0,0,0.010512431,0,0
傾銷,0,0,0,0,0,0,0,0.010512431,0,0
僅次於,0,0,0,0,0,0,0,0.007347874,0,0.006378923
光電,0,0,0,0,0,0,0,0.010512431,0,0
共,0,0,0,0,0,0,0,0.010512431,0,0
初判,0,0,0,0,0,0,0,0.021024861,0,0
印度政府,0,0,0,0,0,0,0,0.010512431,0,0
原,0,0,0,0,0,0,0,0.010512431,0,0
反傾銷法,0,0,0,0,0,0,0,0.010512431,0,0
同年,0,0,0,0,0,0,0,0.010512431,0,0
售價,0,0,0,0,0,0,0,0.010512431,0,0
因此,0,0,0,0,0,0,0,0.010512431,0,0
報告,0,0,0,0,0,0,0,0.021024861,0,0
壓力,0,0,0,0,0,0,0,0.010512431,0,0
太陽能,0,0,0,0,0,0,0,0.073587015,0,0
完全,0,0,0,0,0,0,0,0.010512431,0,0
局,0,0,0,0,0,0,0,0.010512431,0,0
局本,0,0,0,0,0,0,0,0.010512431,0,0
工部,0,0,0,0,0,0,0,0.021024861,0,0
已立,0,0,0,0,0,0,0,0.010512431,0,0
市占率,0,0,0,0,0,0,0,0.022043621,0,0.006378923
微量,0,0,0,0,0,0,0,0.010512431,0,0
惟因,0,0,0,0,0,0,0,0.010512431,0,0
應有,0,0,0,0,0,0,0,0.010512431,0,0
成,0,0,0,0,0,0,0,0.010512431,0,0
成本,0,0,0,0,0,0,0,0.010512431,0,0
指出,0,0,0,0,0,0,0,0.007347874,0,0.006378923
排名第,0,0,0,0,0,0,0,0.007347874,0,0.006378923
接獲,0,0,0,0,0,0,0,0.010512431,0,0
更大,0,0,0,0,0,0,0,0.010512431,0,0
有利,0,0,0,0,0,0,0,0.010512431,0,0
有利於,0,0,0,0,0,0,0,0.010512431,0,0
模組,0,0,0,0,0,0,0,0.031537292,0,0
產量,0,0,0,0,0,0,0,0.010512431,0,0
用,0,0,0,0,0,0,0,0.010512431,0,0
申請人,0,0,0,0,0,0,0,0.010512431,0,0
皆,0,0,0,0,0,0,0,0.010512431,0,0
目前,0,0,0,0,0,0,0,0.010512431,0,0
終止,0,0,0,0,0,0,0,0.052562153,0,0
組裝,0,0,0,0,0,0,0,0.010512431,0,0
編號,0,0,0,0,0,0,0,0.010512431,0,0
臨時性,0,0,0,0,0,0,0,0.010512431,0,0
該國,0,0,0,0,0,0,0,0.010512431,0,0
該局,0,0,0,0,0,0,0,0.021024861,0,0
該院,0,0,0,0,0,0,0,0.010512431,0,0
詳如,0,0,0,0,0,0,0,0.010512431,0,0
調查報告,0,0,0,0,0,0,0,0.010512431,0,0
轉換,0,0,0,0,0,0,0,0.010512431,0,0
進度,0,0,0,0,0,0,0,0.010512431,0,0
違法,0,0,0,0,0,0,0,0.010512431,0,0
適時,0,0,0,0,0,0,0,0.007347874,0,0.006378923
遭受,0,0,0,0,0,0,0,0.010512431,0,0
銷往,0,0,0,0,0,0,0,0.010512431,0,0
電池,0,0,0,0,0,0,0,0.073587015,0,0
面板,0,0,0,0,0,0,0,0.010512431,0,0
面臨,0,0,0,0,0,0,0,0.010512431,0,0
高出,0,0,0,0,0,0,0,0.010512431,0,0
高等法院,0,0,0,0,0,0,0,0.010512431,0,0
connect,0,0,0,0,0,0,0,0,0.016009292,0
taiwan,0,0,0,0,0,0,0,0,0.008004646,0
the,0,0,0,0,0,0,0,0,0.008004646,0
world,0,0,0,0,0,0,0,0,0.008004646,0
wwwtaiwanexpoaseancom,0,0,0,0,0,0,0,0,0.008004646,0
zumba,0,0,0,0,0,0,0,0,0.008004646,0
zumbafest,0,0,0,0,0,0,0,0,0.008004646,0
中華文化,0,0,0,0,0,0,0,0,0.008004646,0
主題,0,0,0,0,0,0,0,0,0.008004646,0
乘勝追擊,0,0,0,0,0,0,0,0,0.008004646,0
互動,0,0,0,0,0,0,0,0,0.016009292,0
交流,0,0,0,0,0,0,0,0,0.016009292,0
交通,0,0,0,0,0,0,0,0,0.008004646,0
人才,0,0,0,0,0,0,0,0,0.008004646,0
人文,0,0,0,0,0,0,0,0,0.008004646,0
代言人,0,0,0,0,0,0,0,0,0.008004646,0
以大,0,0,0,0,0,0,0,0,0.008004646,0
健康,0,0,0,0,0,0,0,0,0.024013938,0
健身,0,0,0,0,0,0,0,0,0.008004646,0
傳統,0,0,0,0,0,0,0,0,0.016009292,0
傳達,0,0,0,0,0,0,0,0,0.008004646,0
優質,0,0,0,0,0,0,0,0,0.008004646,0
元素,0,0,0,0,0,0,0,0,0.008004646,0
全世界,0,0,0,0,0,0,0,0,0.008004646,0
全民,0,0,0,0,0,0,0,0,0.008004646,0
分享,0,0,0,0,0,0,0,0,0.008004646,0
創作,0,0,0,0,0,0,0,0,0.008004646,0
力量,0,0,0,0,0,0,0,0,0.008004646,0
加深,0,0,0,0,0,0,0,0,0.008004646,0
勾勒,0,0,0,0,0,0,0,0,0.008004646,0
北,0,0,0,0,0,0,0,0,0.008004646,0
匠人,0,0,0,0,0,0,0,0,0.016009292,0
參加,0,0,0,0,0,0,0,0,0.008004646,0
可供,0,0,0,0,0,0,0,0,0.008004646,0
可至,0,0,0,0,0,0,0,0,0.008004646,0
各行各業,0,0,0,0,0,0,0,0,0.008004646,0
各部,0,0,0,0,0,0,0,0,0.008004646,0
同時,0,0,0,0,0,0,0,0,0.008004646,0
呈現,0,0,0,0,0,0,0,0,0.016009292,0
地方,0,0,0,0,0,0,0,0,0.008004646,0
地點,0,0,0,0,0,0,0,0,0.008004646,0
執著,0,0,0,0,0,0,0,0,0.008004646,0
報名,0,0,0,0,0,0,0,0,0.008004646,0
天將,0,0,0,0,0,0,0,0,0.008004646,0
完整,0,0,0,0,0,0,0,0,0.008004646,0
完美,0,0,0,0,0,0,0,0,0.008004646,0
專業,0,0,0,0,0,0,0,0,0.008004646,0
專精,0,0,0,0,0,0,0,0,0.008004646,0
展,0,0,0,0,0,0,0,0,0.04002323,0
展以,0,0,0,0,0,0,0,0,0.008004646,0
展出,0,0,0,0,0,0,0,0,0.016009292,0
展場,0,0,0,0,0,0,0,0,0.008004646,0
展所,0,0,0,0,0,0,0,0,0.008004646,0
展期,0,0,0,0,0,0,0,0,0.008004646,0
展現,0,0,0,0,0,0,0,0,0.024013938,0
展覽,0,0,0,0,0,0,0,0,0.008004646,0
市,0,0,0,0,0,0,0,0,0.008004646,0
布袋戲,0,0,0,0,0,0,0,0,0.008004646,0
帶動,0,0,0,0,0,0,0,0,0.008004646,0
帶領,0,0,0,0,0,0,0,0,0.008004646,0
延續,0,0,0,0,0,0,0,0,0.016009292,0
強化,0,0,0,0,0,0,0,0,0.008004646,0
形象,0,0,0,0,0,0,0,0,0.056032522,0
影片,0,0,0,0,0,0,0,0,0.008004646,0
意象,0,0,0,0,0,0,0,0,0.008004646,0
感受,0,0,0,0,0,0,0,0,0.008004646,0
態度,0,0,0,0,0,0,0,0,0.008004646,0
應用,0,0,0,0,0,0,0,0,0.008004646,0
技藝,0,0,0,0,0,0,0,0,0.008004646,0
按摩椅,0,0,0,0,0,0,0,0,0.008004646,0
揭開序幕,0,0,0,0,0,0,0,0,0.008004646,0
搭配,0,0,0,0,0,0,0,0,0.008004646,0
搶攻,0,0,0,0,0,0,0,0,0.008004646,0
播放,0,0,0,0,0,0,0,0,0.008004646,0
教練,0,0,0,0,0,0,0,0,0.008004646,0
教育,0,0,0,0,0,0,0,0,0.008004646,0
新創,0,0,0,0,0,0,0,0,0.008004646,0
最具,0,0,0,0,0,0,0,0,0.008004646,0
最後,0,0,0,0,0,0,0,0,0.008004646,0
期以,0,0,0,0,0,0,0,0,0.008004646,0
查詢,0,0,0,0,0,0,0,0,0.008004646,0
概念,0,0,0,0,0,0,0,0,0.008004646,0
機,0,0,0,0,0,0,0,0,0.008004646,0
民眾,0,0,0,0,0,0,0,0,0.032018584,0
民間,0,0,0,0,0,0,0,0,0.008004646,0
永續,0,0,0,0,0,0,0,0,0.008004646,0
活力,0,0,0,0,0,0,0,0,0.008004646,0
流行,0,0,0,0,0,0,0,0,0.008004646,0
清真,0,0,0,0,0,0,0,0,0.008004646,0
灣,0,0,0,0,0,0,0,0,0.008004646,0
熱度,0,0,0,0,0,0,0,0,0.008004646,0
熱情,0,0,0,0,0,0,0,0,0.008004646,0
熱潮,0,0,0,0,0,0,0,0,0.008004646,0
獨特性,0,0,0,0,0,0,0,0,0.008004646,0
率領,0,0,0,0,0,0,0,0,0.008004646,0
由,0,0,0,0,0,0,0,0,0.008004646,0
當地,0,0,0,0,0,0,0,0,0.032018584,0
盛大,0,0,0,0,0,0,0,0,0.008004646,0
知名,0,0,0,0,0,0,0,0,0.008004646,0
研討會,0,0,0,0,0,0,0,0,0.016009292,0
第一站,0,0,0,0,0,0,0,0,0.008004646,0
精品,0,0,0,0,0,0,0,0,0.048027876,0
精心,0,0,0,0,0,0,0,0,0.008004646,0
精益求精,0,0,0,0,0,0,0,0,0.008004646,0
精神,0,0,0,0,0,0,0,0,0.008004646,0
累積,0,0,0,0,0,0,0,0,0.008004646,0
經驗,0,0,0,0,0,0,0,0,0.008004646,0
綠色,0,0,0,0,0,0,0,0,0.008004646,0
總會,0,0,0,0,0,0,0,0,0.008004646,0
聚眾,0,0,0,0,0,0,0,0,0.008004646,0
腳踏車,0,0,0,0,0,0,0,0,0.008004646,0
臺灣人,0,0,0,0,0,0,0,0,0.008004646,0
舞蹈,0,0,0,0,0,0,0,0,0.008004646,0
菁英,0,0,0,0,0,0,0,0,0.008004646,0
藝文,0,0,0,0,0,0,0,0,0.008004646,0
融入,0,0,0,0,0,0,0,0,0.008004646,0
表演,0,0,0,0,0,0,0,0,0.008004646,0
觀光,0,0,0,0,0,0,0,0,0.016009292,0
觀光局,0,0,0,0,0,0,0,0,0.008004646,0
觀光旅遊,0,0,0,0,0,0,0,0,0.008004646,0
認同,0,0,0,0,0,0,0,0,0.008004646,0
認知,0,0,0,0,0,0,0,0,0.016009292,0
讓,0,0,0,0,0,0,0,0,0.016009292,0
豐富,0,0,0,0,0,0,0,0,0.008004646,0
豐碩成果,0,0,0,0,0,0,0,0,0.008004646,0
趣,0,0,0,0,0,0,0,0,0.008004646,0
軟,0,0,0,0,0,0,0,0,0.016009292,0
農委會,0,0,0,0,0,0,0,0,0.008004646,0
農業,0,0,0,0,0,0,0,0,0.024013938,0
追求,0,0,0,0,0,0,0,0,0.008004646,0
這股,0,0,0,0,0,0,0,0,0.008004646,0
運動,0,0,0,0,0,0,0,0,0.008004646,0
選擇,0,0,0,0,0,0,0,0,0.008004646,0
醫療,0,0,0,0,0,0,0,0,0.008004646,0
采風區,0,0,0,0,0,0,0,0,0.008004646,0
鏈結,0,0,0,0,0,0,0,0,0.008004646,0
雅加達,0,0,0,0,0,0,0,0,0.008004646,0
電商,0,0,0,0,0,0,0,0,0.008004646,0
霹靂,0,0,0,0,0,0,0,0,0.008004646,0
領舞,0,0,0,0,0,0,0,0,0.008004646,0
館,0,0,0,0,0,0,0,0,0.064037168,0
體驗,0,0,0,0,0,0,0,0,0.024013938,0
高雄市,0,0,0,0,0,0,0,0,0.008004646,0
魂,0,0,0,0,0,0,0,0,0.008004646,0
tradesafeguardsteeleceuropaeu,0,0,0,0,0,0,0,0,0,0.009126176
不利,0,0,0,0,0,0,0,0,0,0.009126176
不拘,0,0,0,0,0,0,0,0,0,0.009126176
不鏽鋼,0,0,0,0,0,0,0,0,0,0.009126176
中亦將,0,0,0,0,0,0,0,0,0,0.009126176
主動,0,0,0,0,0,0,0,0,0,0.009126176
也,0,0,0,0,0,0,0,0,0,0.009126176
予,0,0,0,0,0,0,0,0,0,0.009126176
亦可,0,0,0,0,0,0,0,0,0,0.018252352
以利,0,0,0,0,0,0,0,0,0,0.009126176
低於,0,0,0,0,0,0,0,0,0,0.009126176
做法,0,0,0,0,0,0,0,0,0,0.009126176
價格,0,0,0,0,0,0,0,0,0,0.018252352
出,0,0,0,0,0,0,0,0,0,0.009126176
到,0,0,0,0,0,0,0,0,0,0.009126176
反映,0,0,0,0,0,0,0,0,0,0.009126176
可於,0,0,0,0,0,0,0,0,0,0.009126176
可為,0,0,0,0,0,0,0,0,0,0.009126176
含,0,0,0,0,0,0,0,0,0,0.009126176
問卷,0,0,0,0,0,0,0,0,0,0.04563088
團體,0,0,0,0,0,0,0,0,0,0.018252352
型態,0,0,0,0,0,0,0,0,0,0.009126176
執委會,0,0,0,0,0,0,0,0,0,0.018252352
填,0,0,0,0,0,0,0,0,0,0.018252352
增加,0,0,0,0,0,0,0,0,0,0.027378528
增多,0,0,0,0,0,0,0,0,0,0.009126176
大宗,0,0,0,0,0,0,0,0,0,0.009126176
官方,0,0,0,0,0,0,0,0,0,0.009126176
寄發,0,0,0,0,0,0,0,0,0,0.009126176
寄送,0,0,0,0,0,0,0,0,0,0.009126176
將為,0,0,0,0,0,0,0,0,0,0.009126176
對象,0,0,0,0,0,0,0,0,0,0.009126176
已有,0,0,0,0,0,0,0,0,0,0.009126176
年間,0,0,0,0,0,0,0,0,0,0.009126176
後天,0,0,0,0,0,0,0,0,0,0.036504704
復,0,0,0,0,0,0,0,0,0,0.018252352
收到,0,0,0,0,0,0,0,0,0,0.009126176
日益,0,0,0,0,0,0,0,0,0,0.009126176
最近,0,0,0,0,0,0,0,0,0,0.009126176
最長,0,0,0,0,0,0,0,0,0,0.009126176
東協,0,0,0,0,0,0,0,0,0,0.009126176
格式,0,0,0,0,0,0,0,0,0,0.009126176
歐方,0,0,0,0,0,0,0,0,0,0.027378528
洽詢,0,0,0,0,0,0,0,0,0,0.009126176
涵蓋,0,0,0,0,0,0,0,0,0,0.018252352
為個,0,0,0,0,0,0,0,0,0,0.009126176
研商,0,0,0,0,0,0,0,0,0,0.009126176
研議,0,0,0,0,0,0,0,0,0,0.009126176
移轉,0,0,0,0,0,0,0,0,0,0.009126176
程序流程,0,0,0,0,0,0,0,0,0,0.009126176
突增,0,0,0,0,0,0,0,0,0,0.009126176
窗口,0,0,0,0,0,0,0,0,0,0.009126176
第三國,0,0,0,0,0,0,0,0,0,0.009126176
第大,0,0,0,0,0,0,0,0,0,0.009126176
索取,0,0,0,0,0,0,0,0,0,0.009126176
統計資料,0,0,0,0,0,0,0,0,0,0.009126176
經費,0,0,0,0,0,0,0,0,0,0.009126176
總額,0,0,0,0,0,0,0,0,0,0.009126176
聯絡,0,0,0,0,0,0,0,0,0,0.009126176
萬噸,0,0,0,0,0,0,0,0,0,0.018252352
訴求,0,0,0,0,0,0,0,0,0,0.009126176
證據,0,0,0,0,0,0,0,0,0,0.009126176
足夠,0,0,0,0,0,0,0,0,0,0.009126176
造成,0,0,0,0,0,0,0,0,0,0.018252352
進口量,0,0,0,0,0,0,0,0,0,0.018252352
適用,0,0,0,0,0,0,0,0,0,0.009126176
邀集,0,0,0,0,0,0,0,0,0,0.009126176
配額,0,0,0,0,0,0,0,0,0,0.018252352
鋼品,0,0,0,0,0,0,0,0,0,0.027378528
鑒,0,0,0,0,0,0,0,0,0,0.009126176
非,0,0,0,0,0,0,0,0,0,0.009126176
項鋼品,0,0,0,0,0,0,0,0,0,0.009126176
顯著,0,0,0,0,0,0,0,0,0,0.009126176
館處,0,0,0,0,0,0,0,0,0,0.009126176